-- Fast sync dump generated by fast_sync.ts
SET session_replication_role = replica; -- disable FK checks

-- Truncate all tables
TRUNCATE TABLE "User", "Governorate", "Patient", "Specialty", "DrugCatalog", "Doctor", "Shift", "Admission", "ClinicalNote", "AuditLog", "VitalSign", "Medication", "MedicationAdministration", "ClinicalOrder", "Investigation", "SpecialistNote", "IntakeOutput", "NurseCheckIn", "PatientAssignment" CASCADE;

-- User (20 rows)
INSERT INTO "User" ("id", "name", "username", "passwordHash", "role", "createdAt", "updatedAt")
VALUES
    ('a2497fb8-1acf-44d4-a3bf-9289be25efe9', 'Dr.Younis', 'dryounis', '$2b$10$WPlAyk0923oZ1.Cxsgc20OVz1ejbRx5tI7qTofqfuV0Wwa/7zOKAm', 'SENIOR', '2026-02-18T18:53:55.693Z', '2026-02-18T18:53:55.693Z'),
    ('5b20a754-011e-4397-bec5-669052083cb6', 'Dr.Mustafa', 'drmustafa', '$2b$10$vDTfzQX0KPGCgaDUNV2O4eLDYexe5gI1AueP0F5KBV54VFpKmQNVG', 'SENIOR', '2026-02-18T18:54:11.191Z', '2026-02-18T18:54:11.191Z'),
    ('241b2d5b-047f-4692-a9a0-ed14684c1b58', 'Dr. Ahmed Waleed', 'drahmed', '$2b$10$Roek8SysrNzLz1eiAaN6e.6YeJm3/t9AjeZ8aGgz/7x763nwxtLL.', 'SENIOR', '2026-02-18T18:54:24.686Z', '2026-02-18T18:54:24.686Z'),
    ('6155c4b9-faf9-4a3e-80b5-8107f21b3d25', 'Dr. Mohammed Salim', 'drmohammed', '$2b$10$iU24siJCxu8FPlqngi2gw.VV8LWdo.t7gwdcV8yz39xVO6cJYSaEW', 'SENIOR', '2026-02-18T18:54:36.018Z', '2026-02-18T18:54:36.018Z'),
    ('2806f3c1-e62a-468a-be59-838db585a8f9', 'Dr. Mustafa Gayath', 'drgayath', '$2b$10$J/n78FVPLqTr8KpIpgIzneA.b3Hexq4snangFNplfWIzQemtXF6Xq', 'SENIOR', '2026-02-18T18:54:59.807Z', '2026-02-18T18:54:59.807Z'),
    ('23eb1a26-45fb-4779-bd53-a5b899d65e33', 'Dr. Muhammed Hisham', 'drhisham', '$2b$10$bHdZkzs7AeQu87FwnEy/1.b2HrCSB11lHgbAuzss511XHTG11kBWG', 'SENIOR', '2026-02-18T18:55:09.887Z', '2026-02-18T18:55:09.887Z'),
    ('1aefc527-404f-4343-a895-2049ca33bbe1', 'Dr. Abduall Sameer', 'drsameer', '$2b$10$YQ37Ew.j/D2HbLnY1nIf.uLUekFOHvaF8J7n/tyamMg2JHSwbfNMC', 'RESIDENT', '2026-02-18T18:55:29.549Z', '2026-02-18T18:55:29.549Z'),
    ('6d446f1d-90b6-4ccd-9dab-8016f92e4004', 'Dr. Abdullah Al-Qazaz', 'drqazaz', '$2b$10$tY7kC/YlS.vH1GWjpaxbzuC3gqcxB0pCiEouZ91MVb6.xKizh9ujq', 'RESIDENT', '2026-02-18T18:55:45.825Z', '2026-02-18T18:55:45.825Z'),
    ('946f950c-bd96-4e3e-8624-e7d2da081a0a', 'Dr. Bilal Dabdoob', 'drbilal', '$2b$10$67jmUziCVIyKO/Nw0IPiteB7ABHX9SFLpMUn48qvgobtEFn9KYSBG', 'RESIDENT', '2026-02-18T18:56:00.258Z', '2026-02-18T18:56:00.258Z'),
    ('5d80b288-c3a7-4d34-bbb2-6f825244884d', 'Dr. Mohammed Luay', 'drluay', '$2b$10$7T.8mSOwnZE0EUqERapXH.FNLrm4lmj6s3aCZMA2MdAp0phqVIC4e', 'RESIDENT', '2026-02-18T18:56:17.568Z', '2026-02-18T18:56:17.568Z'),
    ('5c9cb127-d961-4f7a-a714-ac58833eaef3', 'qahtan', 'qahtan', '$2b$10$oqPd.AWQlG3jQjGgR0eIUOyAKD4fdb5tzCdeU6W1FtbaNQrQTbuw2', 'NURSE', '2026-02-18T18:57:15.362Z', '2026-02-18T18:57:15.362Z'),
    ('028720b6-9103-4f9c-b6d7-c5dbffaae67b', 'ahmed najim', 'najim', '$2b$10$Y.I3l6JoetZc.jfU6anW/.OUp0NqOPnmRa0wK030ZSuYg.ndZ2hlS', 'NURSE', '2026-02-18T18:57:29.896Z', '2026-02-18T18:57:29.896Z'),
    ('a587c936-2807-4a41-8fd3-51a9e98696e2', 'hameed', 'hameed', '$2b$10$NKEGiDO2SR2Z56M8ur0INu09vUpYa9ZY53EHbKA1C21awlRKCIcEy', 'NURSE', '2026-02-18T18:57:38.495Z', '2026-02-18T18:57:38.495Z'),
    ('9bad4737-5fda-4622-a6bd-5c65e7bfb1ea', 'arqam', 'arqam', '$2b$10$Et9GZPteEDawFQLPOEYA/OvK2gDOYMX5jV5v8SU3sDPHJsa26ofWG', 'NURSE', '2026-02-18T18:57:46.457Z', '2026-02-18T18:57:46.457Z'),
    ('55e877af-275d-4635-bf21-d2b5587de171', 'taha', 'taha', '$2b$10$o9/HfGyGeu7oMQvtlU8LfuJOXMhEaXs3PcGsCBK/skDqQHtvZt66y', 'NURSE', '2026-02-18T18:57:54.707Z', '2026-02-18T18:57:54.707Z'),
    ('534a3211-0638-4085-b75c-5a4b5dc7741a', 'ibraheem enad', 'enad', '$2b$10$nUIpnLMDNv.CwPFNv4nWneGwY1bhZ1Y.Mb/qgCD7rAvQo9E9RKYcC', 'NURSE', '2026-02-18T18:58:07.529Z', '2026-02-18T18:58:07.529Z'),
    ('188b6fa9-2be1-455a-b1f1-75ca5662abff', 'mahmood yaseen', 'yaseen', '$2b$10$YuBHl6xmS.nEEoFnVDeb/ejvybGr0kzMX3o6h2fijr2ah6i57p1yC', 'NURSE', '2026-02-18T18:58:21.026Z', '2026-02-18T18:58:21.026Z'),
    ('00cc4e53-6a6e-4d4b-8486-4f8991665e2c', 'yaseen fadhel', 'fadhel', '$2b$10$5xdy1hc7JecXQwOZ/IJVt.HenwG.pOzfGzUL1PigOS490liPcSHmq', 'NURSE', '2026-02-18T18:58:30.426Z', '2026-02-18T18:58:30.426Z'),
    ('mock-nurse-id', 'Jane Nurse', 'nurse', '$2b$10$psSQlJwkhZkHMUEChc67nOB3y4k9lkxhnqr4sHPEpSdw2P6cwbC5O', 'NURSE', '2026-02-18T18:16:21.236Z', '2026-02-23T22:27:26.547Z'),
    ('mock-senior-id', 'Dr. House', 'senior', '$2b$10$psSQlJwkhZkHMUEChc67nOB3y4k9lkxhnqr4sHPEpSdw2P6cwbC5O', 'SENIOR', '2026-02-18T18:16:21.246Z', '2026-02-23T22:27:26.583Z');

-- Patient (6 rows)
INSERT INTO "Patient" ("id", "mrn", "name", "dob", "gender", "comorbidities", "diagnosis", "createdAt", "updatedAt")
VALUES
    ('38b62b34-4f1f-496f-974c-fb8fc34d934b', '102873-0', 'حكمت عبدالرزاق', '1954-02-18T18:32:45.672Z', 'Male', 'NONE', 'RTA', '2026-02-18T18:32:45.689Z', '2026-02-18T18:32:45.689Z'),
    ('ac2b8db5-9e74-4fd9-a21f-0daace86fdd9', '316506-3', 'مينا مسافر علي حسين', '2021-02-18T19:00:07.875Z', 'Female', 'DM', 'DKA with Complication', '2026-02-18T19:00:07.882Z', '2026-02-18T19:00:07.882Z'),
    ('f14786fc-e0a2-44b9-bbd1-b88d7af18ac4', '323699-3', 'عبود هلال حمدي سليمان', '1950-02-19T09:26:16.166Z', 'Male', 'HTN BPH', 'Stroke', '2026-02-19T09:26:16.173Z', '2026-02-19T09:26:16.173Z'),
    ('4f8820ab-0ca8-4844-9f44-51a795c334ae', '324142-3', 'زبيدة حسين', '1980-01-01T00:00:00.000Z', 'Male', 'HTN DM', 'ACDF tumor', '2026-02-19T11:00:51.777Z', '2026-02-24T16:49:38.530Z'),
    ('b97ca87a-eebf-436f-ab50-9477234dfaad', '311903-3', 'احمد عبداللطيف سوعان', '1971-02-24T16:50:58.915Z', 'Male', 'HTN', 'berry aneurysm rupture', '2026-02-24T16:50:58.921Z', '2026-02-24T16:50:58.921Z'),
    ('68baae90-91be-4b76-9d3b-7e5e423a0523', '322637-3', 'طلال مال الله رشيد خورشيد', '1951-02-24T17:43:32.702Z', 'Male', 'HTN,CKD', 'ICH', '2026-02-24T17:43:32.707Z', '2026-02-24T17:45:47.673Z');

-- Specialty (1 rows)
INSERT INTO "Specialty" ("id", "name", "createdAt")
VALUES
    ('b385ddf8-81b0-4f81-adf4-afae5ad1570d', 'Neurosurgery', '2026-02-24T17:23:09.234Z');

-- DrugCatalog (23 rows)
INSERT INTO "DrugCatalog" ("id", "name", "defaultDose", "defaultRoute", "createdAt")
VALUES
    ('c4c30be7-0de1-4d0c-8ca3-bd7f19ae6461', 'B-Core', '2.5', 'IV', '2026-02-24T17:56:00.960Z'),
    ('c5a082ff-d670-4f29-9ec0-8dd7c7663111', 'sevelamer', '800', 'PO', '2026-02-24T17:56:54.479Z'),
    ('93e1fcf6-4247-4a43-ab99-e9ba2851ca49', 'alpha one ', '20', 'PO', '2026-02-24T18:22:27.501Z'),
    ('9184cd46-a92e-4e5c-badd-6af1f62d0fc5', 'keppra vial', '500', 'IV', '2026-02-24T18:22:46.402Z'),
    ('66a2ac68-3fe6-4e1b-ae4a-1fba7ef3c502', 'ca carbonate', '500', 'IV', '2026-02-24T18:54:11.621Z'),
    ('befc9219-f138-48fe-98a5-52a5d8a816f9', 'tegretol tab ', '200', 'IV', '2026-02-24T18:54:30.026Z'),
    ('e9846fa8-85c3-4ca7-bfa4-7b6943c6fbef', 'GS + NS', '80', 'IV', '2026-02-24T18:55:15.182Z'),
    ('bf4514a6-470b-41ea-80b6-a9f4985a7cdc', 'Paracetamol', '1 g', 'IV', '2026-02-24T18:55:32.934Z'),
    ('0c06da58-0838-4161-a5e9-e1bf7fa5fe84', 'Pantoprazole', '40 mg', 'IV', '2026-02-24T18:55:46.430Z'),
    ('fc1c9de4-2c89-4c12-a59e-c15fe03b125e', 'Albumin 20%', '20%', 'IV', '2026-02-24T18:56:01.645Z'),
    ('9beb63d9-186d-4aa1-b640-1a645c50d4c8', 'L - Carintine ', '3cc', 'IV', '2026-02-24T18:56:18.611Z'),
    ('85c2535d-8a40-488a-9d46-e4848cd522f4', 'Caspofungin', '50', 'IV', '2026-02-24T18:56:37.612Z'),
    ('e2cebe8f-8e84-453c-8d4d-3aa86a49fbac', 'Vancomycin', '1 g', 'IV', '2026-02-24T18:56:55.775Z'),
    ('37f36a5a-4b48-4cc6-b0d8-15216a773c8c', 'Ciprofloxacine', '200', 'IV', '2026-02-24T18:57:37.330Z'),
    ('0eaa7a37-a3d9-4da9-b046-55cbfde6940b', 'Ipratropium Bromide ', 'neb', 'NEB', '2026-02-24T18:58:02.728Z'),
    ('3f703752-d358-4849-b489-bd0de378064d', 'NACl 3%', 'Neb', 'NEB', '2026-02-24T18:58:20.659Z'),
    ('b637f3b5-9487-44fd-9053-06abf5ac2584', 'Eye drop', 'lub', 'NEB', '2026-02-24T18:58:52.282Z'),
    ('02906dc6-a0f3-4bf7-96b1-791dc255639c', 'Solvodin', 'amp', 'IV', '2026-02-24T18:59:12.328Z'),
    ('ad7cd963-e80b-4212-94dd-c2ea42083849', 'fusidine ', 'oint', 'IV', '2026-02-24T18:59:40.133Z'),
    ('e12a0a47-9a25-4f7c-8adf-e931d43a605c', 'Assist ', 'Neb', 'NEB', '2026-02-24T19:00:12.128Z'),
    ('27fc9a1d-fab1-4716-83fd-557f961f1e7b', 'Hydrocortisone', '100 mg', 'IV', '2026-02-24T19:00:27.802Z'),
    ('9a6c8008-59e3-45bb-8f02-b2f396fbecde', 'Meropenem', '1 g', 'IV', '2026-02-24T19:00:40.130Z'),
    ('f3fd9c85-f345-4ded-9e0f-5cae516fa70f', 'lasix ', '10mg/hr', 'IV', '2026-02-24T19:01:15.018Z');

-- Doctor (3 rows)
INSERT INTO "Doctor" ("id", "name", "specialtyId", "createdAt")
VALUES
    ('b852906e-3389-4e97-b9cf-8e8e6e4cc1e2', 'عمر غزال', 'b385ddf8-81b0-4f81-adf4-afae5ad1570d', '2026-02-24T17:23:09.265Z'),
    ('527a9644-1722-4017-898d-43f8640921a8', 'Omar Ghazal', 'b385ddf8-81b0-4f81-adf4-afae5ad1570d', '2026-02-24T17:30:08.160Z'),
    ('ad69b117-dc1f-4e39-b91e-51de1996e2d0', 'Omar Ghazal', 'b385ddf8-81b0-4f81-adf4-afae5ad1570d', '2026-02-24T17:31:39.806Z');

-- Shift (6 rows)
INSERT INTO "Shift" ("id", "userId", "type", "startTime", "endTime", "isActive")
VALUES
    ('ae6e3f99-0ef7-409e-896d-81bc34900874', 'mock-senior-id', 'NIGHT', '2026-02-18T18:19:04.679Z', NULL, TRUE),
    ('c2280ad8-fc45-4692-89f7-e269d7aff3d5', 'mock-nurse-id', 'DAY', '2026-02-18T18:18:35.135Z', '2026-02-19T08:49:57.055Z', FALSE),
    ('393dc091-8f77-48c4-8592-66d6dfe727f6', 'mock-nurse-id', 'DAY', '2026-02-19T09:31:11.761Z', '2026-02-19T09:52:44.662Z', FALSE),
    ('e1d4e2a1-cbea-43bf-a079-eee60eea017e', 'mock-nurse-id', 'DAY', '2026-02-19T11:51:32.239Z', '2026-02-24T15:05:27.535Z', FALSE),
    ('06e7c56e-58dd-4d55-b5a5-12d7c166d62e', 'mock-nurse-id', 'DAY', '2026-02-24T15:05:32.925Z', NULL, TRUE),
    ('874117aa-b8fd-4744-8750-972184585646', '9bad4737-5fda-4622-a6bd-5c65e7bfb1ea', 'DAY', '2026-02-24T16:31:50.944Z', NULL, TRUE);

-- Admission (6 rows)
INSERT INTO "Admission" ("id", "patientId", "bed", "diagnosis", "doctorId", "specialtyId", "admittedAt", "dischargedAt")
VALUES
    ('49841245-80f5-4f97-bbea-cecf53733be1', '38b62b34-4f1f-496f-974c-fb8fc34d934b', NULL, 'RTA', NULL, NULL, '2026-02-18T18:32:45.687Z', NULL),
    ('93b3fd4d-1dae-41eb-b314-1f4b13bb7235', 'ac2b8db5-9e74-4fd9-a21f-0daace86fdd9', NULL, 'DKA with Complication', NULL, NULL, '2026-02-18T19:00:07.880Z', NULL),
    ('40d98931-21cd-43f3-bb61-d4e72133c5ff', 'f14786fc-e0a2-44b9-bbd1-b88d7af18ac4', NULL, 'Stroke', NULL, NULL, '2026-02-19T09:26:16.171Z', NULL),
    ('2256c097-a665-4106-b7bc-efde04fe95d3', '4f8820ab-0ca8-4844-9f44-51a795c334ae', 'ICU-01', 'Sepsis', NULL, NULL, '2026-02-16T11:00:51.774Z', NULL),
    ('7646cef6-019f-40ae-a94b-6a570ac2df5e', 'b97ca87a-eebf-436f-ab50-9477234dfaad', NULL, 'berry aneurysm rupture', NULL, NULL, '2026-02-24T16:50:58.920Z', NULL),
    ('ad5c7be1-969d-4d28-9f27-ebe40dae0bc5', '68baae90-91be-4b76-9d3b-7e5e423a0523', NULL, 'ICH', '527a9644-1722-4017-898d-43f8640921a8', 'b385ddf8-81b0-4f81-adf4-afae5ad1570d', '2026-02-24T17:43:32.706Z', NULL);

-- ClinicalNote (4 rows)
INSERT INTO "ClinicalNote" ("id", "patientId", "authorId", "type", "title", "content", "data", "createdAt", "updatedAt")
VALUES
    ('b88aa163-1d0f-48d4-8c62-532b5d66d79f', '4f8820ab-0ca8-4844-9f44-51a795c334ae', 'mock-nurse-id', 'PROGRESS', 'Nursing Progress Note - Shift 1', 'Patient hemodynamically stable. Vitals maintained. I/O balanced. Plan to continue current management.', NULL, '2026-02-17T22:00:51.913Z', '2026-02-19T11:00:51.989Z'),
    ('bac07690-c855-4f6d-adec-cf5eda39702b', '4f8820ab-0ca8-4844-9f44-51a795c334ae', 'mock-nurse-id', 'PROGRESS', 'Nursing Progress Note - Shift 2', 'Patient hemodynamically stable. Vitals maintained. I/O balanced. Plan to continue current management.', NULL, '2026-02-18T10:00:51.913Z', '2026-02-19T11:00:51.989Z'),
    ('9fc2fb4a-6d51-4edf-b607-c0b9b50f8be1', '4f8820ab-0ca8-4844-9f44-51a795c334ae', 'mock-nurse-id', 'PROGRESS', 'Nursing Progress Note - Shift 3', 'Patient hemodynamically stable. Vitals maintained. I/O balanced. Plan to continue current management.', NULL, '2026-02-18T22:00:51.913Z', '2026-02-19T11:00:51.989Z'),
    ('030b23bb-7822-4f95-839e-eebac1e40133', '4f8820ab-0ca8-4844-9f44-51a795c334ae', 'mock-nurse-id', 'PROGRESS', 'Nursing Progress Note - Shift 4', 'Patient hemodynamically stable. Vitals maintained. I/O balanced. Plan to continue current management.', NULL, '2026-02-19T10:00:51.913Z', '2026-02-19T11:00:51.989Z');

-- VitalSign (49 rows)
INSERT INTO "VitalSign" ("id", "patientId", "heartRate", "bpSys", "bpDia", "spo2", "temp", "rbs", "timestamp")
VALUES
    ('ab9044b0-cff1-459b-84bf-ca11641479fe', '68baae90-91be-4b76-9d3b-7e5e423a0523', 57, 138, 62, 99, 35.9, 110, '2026-02-24T17:54:53.587Z'),
    ('fc8eb844-a76b-483b-97c5-90a5f5999974', '4f8820ab-0ca8-4844-9f44-51a795c334ae', 91, 117, 60, 95, 37, 105, '2026-02-17T11:00:51.913Z'),
    ('7f343558-1758-47b2-a372-de7d51f83936', '4f8820ab-0ca8-4844-9f44-51a795c334ae', 81, 126, 79, 96, 36.9, NULL, '2026-02-17T12:00:51.913Z'),
    ('813806ce-9d15-46b6-b601-cbc6106ea2c1', '4f8820ab-0ca8-4844-9f44-51a795c334ae', 70, 136, 78, 98, 37.8, NULL, '2026-02-17T13:00:51.913Z'),
    ('64e7d382-5efc-469f-94b2-21df98350c29', '4f8820ab-0ca8-4844-9f44-51a795c334ae', 91, 131, 74, 96, 36.5, NULL, '2026-02-17T14:00:51.913Z'),
    ('a1d54ed8-e024-479f-9904-8b65b03ff2fa', '4f8820ab-0ca8-4844-9f44-51a795c334ae', 91, 113, 67, 96, 37.2, 125, '2026-02-17T15:00:51.913Z'),
    ('69570cdd-1f1a-4fce-a7b4-fc49c37eb934', '4f8820ab-0ca8-4844-9f44-51a795c334ae', 89, 133, 65, 95, 37.7, NULL, '2026-02-17T16:00:51.913Z'),
    ('9da5ec72-949e-45e8-a8d3-9cce1864fc35', '4f8820ab-0ca8-4844-9f44-51a795c334ae', 93, 118, 79, 95, 36.8, NULL, '2026-02-17T17:00:51.913Z'),
    ('bcd6a0e2-2e21-413c-a245-5a4cf88edc44', '4f8820ab-0ca8-4844-9f44-51a795c334ae', 61, 137, 75, 98, 36.6, NULL, '2026-02-17T18:00:51.913Z'),
    ('7fc9df36-9a1c-49e7-80b2-43c176d026fe', '4f8820ab-0ca8-4844-9f44-51a795c334ae', 88, 125, 69, 95, 37.2, 98, '2026-02-17T19:00:51.913Z'),
    ('9fcaedca-84fe-45f2-8f3e-09c96e027430', '4f8820ab-0ca8-4844-9f44-51a795c334ae', 85, 138, 77, 98, 37.2, NULL, '2026-02-17T20:00:51.913Z'),
    ('84291e54-5777-42ba-a5ff-0bf01586fc4a', '4f8820ab-0ca8-4844-9f44-51a795c334ae', 87, 131, 78, 94, 36.9, NULL, '2026-02-17T21:00:51.913Z'),
    ('3be89f32-8a78-439a-b0b5-562db83cdd15', '4f8820ab-0ca8-4844-9f44-51a795c334ae', 73, 133, 65, 98, 37.8, NULL, '2026-02-17T22:00:51.913Z'),
    ('09f25244-860a-47ee-91a2-e8f8aaf6f445', '4f8820ab-0ca8-4844-9f44-51a795c334ae', 60, 117, 66, 99, 37.5, 80, '2026-02-17T23:00:51.913Z'),
    ('c9842e02-3c19-4143-b24a-c510a5faf652', '4f8820ab-0ca8-4844-9f44-51a795c334ae', 86, 133, 77, 99, 37.8, NULL, '2026-02-18T00:00:51.913Z'),
    ('ffa87918-a9b7-4b45-9296-061481409fd6', '4f8820ab-0ca8-4844-9f44-51a795c334ae', 72, 114, 73, 94, 37.6, NULL, '2026-02-18T01:00:51.913Z'),
    ('5b4f1f4e-5684-4f2c-926b-035a7efec03e', '4f8820ab-0ca8-4844-9f44-51a795c334ae', 95, 139, 76, 98, 37.3, NULL, '2026-02-18T02:00:51.913Z'),
    ('d07252e9-7cb0-48b7-a223-554851dbc27a', '4f8820ab-0ca8-4844-9f44-51a795c334ae', 70, 113, 75, 99, 36.9, 134, '2026-02-18T03:00:51.913Z'),
    ('46932648-a5ee-44ee-bb1e-9d55ce0b9fce', '4f8820ab-0ca8-4844-9f44-51a795c334ae', 91, 118, 78, 95, 37.3, NULL, '2026-02-18T04:00:51.913Z'),
    ('7fec3b12-b0e5-452d-a618-74f4e45070b5', '4f8820ab-0ca8-4844-9f44-51a795c334ae', 84, 118, 70, 97, 37.8, NULL, '2026-02-18T05:00:51.913Z'),
    ('27bd6ee4-5ae9-4963-ace1-60500e53849a', '4f8820ab-0ca8-4844-9f44-51a795c334ae', 80, 117, 72, 96, 38, NULL, '2026-02-18T06:00:51.913Z'),
    ('1d6ce2ff-c95c-40e6-9106-1305f25e0f19', '4f8820ab-0ca8-4844-9f44-51a795c334ae', 61, 120, 74, 94, 37, 139, '2026-02-18T07:00:51.913Z'),
    ('cc176e08-bf60-4abf-a490-6daed21595fa', '4f8820ab-0ca8-4844-9f44-51a795c334ae', 81, 118, 66, 95, 36.5, NULL, '2026-02-18T08:00:51.913Z'),
    ('2c79a2fa-fe13-46f3-bc4e-eef875399a85', '4f8820ab-0ca8-4844-9f44-51a795c334ae', 82, 135, 67, 95, 36.7, NULL, '2026-02-18T09:00:51.913Z'),
    ('e27e99f1-930b-4877-b8ad-47d61efde5c3', '4f8820ab-0ca8-4844-9f44-51a795c334ae', 87, 118, 60, 98, 37.9, NULL, '2026-02-18T10:00:51.913Z'),
    ('6735c015-3646-42c5-a971-bcf042a9b183', '4f8820ab-0ca8-4844-9f44-51a795c334ae', 74, 125, 75, 96, 37.4, 131, '2026-02-18T11:00:51.913Z'),
    ('c9100739-70d3-498c-9cff-43c8a0cf73fe', '4f8820ab-0ca8-4844-9f44-51a795c334ae', 98, 116, 72, 96, 36.9, NULL, '2026-02-18T12:00:51.913Z'),
    ('7470185a-cd72-4aa0-bfd3-697246a26b09', '4f8820ab-0ca8-4844-9f44-51a795c334ae', 73, 128, 76, 97, 37.1, NULL, '2026-02-18T13:00:51.913Z'),
    ('2beee937-0958-4025-a3fa-5e677d62277e', '4f8820ab-0ca8-4844-9f44-51a795c334ae', 93, 128, 74, 99, 37.6, NULL, '2026-02-18T14:00:51.913Z'),
    ('89a7c151-2a82-464b-a102-ecda679f50a7', '4f8820ab-0ca8-4844-9f44-51a795c334ae', 98, 130, 70, 98, 37.7, 95, '2026-02-18T15:00:51.913Z'),
    ('019ea3bd-427c-4d15-a908-0ae9374429e4', '4f8820ab-0ca8-4844-9f44-51a795c334ae', 96, 129, 72, 96, 38, NULL, '2026-02-18T16:00:51.913Z'),
    ('8d807900-e572-4ac3-9731-7170087939ae', '4f8820ab-0ca8-4844-9f44-51a795c334ae', 80, 137, 64, 96, 37.3, NULL, '2026-02-18T17:00:51.913Z'),
    ('ba08963e-6d80-4e50-8929-a4a077f6dda3', '4f8820ab-0ca8-4844-9f44-51a795c334ae', 73, 117, 73, 98, 37.1, NULL, '2026-02-18T18:00:51.913Z'),
    ('96c40479-a383-4b46-8b80-2ad56f26c69e', '4f8820ab-0ca8-4844-9f44-51a795c334ae', 81, 136, 63, 95, 37.4, 117, '2026-02-18T19:00:51.913Z'),
    ('93e47643-6b54-4f3d-9014-ee20f032d510', '4f8820ab-0ca8-4844-9f44-51a795c334ae', 83, 119, 74, 97, 36.8, NULL, '2026-02-18T20:00:51.913Z'),
    ('0c9a04da-eed2-4ac2-a810-bebd8c1d6bb8', '4f8820ab-0ca8-4844-9f44-51a795c334ae', 90, 131, 60, 95, 38, NULL, '2026-02-18T21:00:51.913Z'),
    ('a82e49a1-2c5a-4f8a-a78a-c90fa0abfe7d', '4f8820ab-0ca8-4844-9f44-51a795c334ae', 91, 114, 69, 99, 36.6, NULL, '2026-02-18T22:00:51.913Z'),
    ('411937eb-059b-4617-96ea-f305f48327aa', '4f8820ab-0ca8-4844-9f44-51a795c334ae', 79, 122, 65, 96, 37.7, 115, '2026-02-18T23:00:51.913Z'),
    ('fccbaa7e-6585-42cb-a8b3-4f4cd0f33089', '4f8820ab-0ca8-4844-9f44-51a795c334ae', 77, 121, 62, 99, 37.9, NULL, '2026-02-19T00:00:51.913Z'),
    ('65cbfea1-ae9f-4b68-b83f-3400b0e79a87', '4f8820ab-0ca8-4844-9f44-51a795c334ae', 87, 111, 73, 99, 37.1, NULL, '2026-02-19T01:00:51.913Z'),
    ('674fd3f4-846e-4d02-84a4-0a7001fc993b', '4f8820ab-0ca8-4844-9f44-51a795c334ae', 86, 131, 60, 98, 37.9, NULL, '2026-02-19T02:00:51.913Z'),
    ('0bc049d3-3362-4121-9130-a934d382d6f2', '4f8820ab-0ca8-4844-9f44-51a795c334ae', 86, 119, 65, 97, 37.9, 104, '2026-02-19T03:00:51.913Z'),
    ('56f46c91-c3aa-45aa-893f-9e96b963f842', '4f8820ab-0ca8-4844-9f44-51a795c334ae', 87, 128, 70, 94, 37, NULL, '2026-02-19T04:00:51.913Z'),
    ('56726036-f1bc-499b-9d03-c74ad2ef3898', '4f8820ab-0ca8-4844-9f44-51a795c334ae', 83, 114, 67, 99, 36.7, NULL, '2026-02-19T05:00:51.913Z'),
    ('9828245d-4525-4f5c-a208-dc72fcfa585d', '4f8820ab-0ca8-4844-9f44-51a795c334ae', 65, 128, 60, 96, 37.4, NULL, '2026-02-19T06:00:51.913Z'),
    ('5de15164-7faf-45a8-aa5d-8b358bd905ec', '4f8820ab-0ca8-4844-9f44-51a795c334ae', 65, 128, 64, 98, 36.9, 98, '2026-02-19T07:00:51.913Z'),
    ('f61a67b8-eedf-48bc-ad22-a668135fad3d', '4f8820ab-0ca8-4844-9f44-51a795c334ae', 75, 137, 77, 97, 37.1, NULL, '2026-02-19T08:00:51.913Z'),
    ('90acdfc2-aafa-475b-bd75-ec62280bb562', '4f8820ab-0ca8-4844-9f44-51a795c334ae', 99, 117, 70, 95, 36.7, NULL, '2026-02-19T09:00:51.913Z'),
    ('c6e6e4aa-cbc0-4a04-9131-2aa580b8d1f2', '4f8820ab-0ca8-4844-9f44-51a795c334ae', 98, 133, 68, 99, 36.9, NULL, '2026-02-19T10:00:51.913Z');

-- Medication (26 rows)
INSERT INTO "Medication" ("id", "name", "defaultDose", "route", "frequency", "infusionRate", "otherInstructions", "isActive", "patientId", "startedAt")
VALUES
    ('0bf770fe-df52-409c-9d39-24c914cfee63', 'Paracetamol', '1g', 'PO', 'Q6H', NULL, NULL, TRUE, '4f8820ab-0ca8-4844-9f44-51a795c334ae', '2026-02-24T18:59:08.248Z'),
    ('8516b6b1-7188-4fa2-90fd-bee173714fb3', 'Ceftriaxone', '2g', 'IV', 'OD', NULL, NULL, TRUE, '4f8820ab-0ca8-4844-9f44-51a795c334ae', '2026-02-24T18:59:08.248Z'),
    ('8d46c93c-1c78-46ff-b2ec-315f2bca47eb', 'Furosemide', '40mg', 'IV', 'BD', NULL, NULL, TRUE, '4f8820ab-0ca8-4844-9f44-51a795c334ae', '2026-02-24T18:59:08.248Z'),
    ('2664dcc9-d3c1-47be-a42e-b0064a01fb9a', 'B-Core', '2.5', 'IV', 'BD (Twice Daily)', '', '', TRUE, '68baae90-91be-4b76-9d3b-7e5e423a0523', '2026-02-24T18:59:08.248Z'),
    ('618650f7-19c4-4896-bf5c-b22d15bed3c7', 'sevelamer', '800', 'PO', 'BD (Twice Daily)', '', '', TRUE, '68baae90-91be-4b76-9d3b-7e5e423a0523', '2026-02-24T18:59:08.248Z'),
    ('04cc58e8-dc20-4687-a803-939175a40747', 'alpha one ', '20', 'PO', 'OD (Once Daily)', '', '', TRUE, '68baae90-91be-4b76-9d3b-7e5e423a0523', '2026-02-24T18:59:08.248Z'),
    ('5cc824b6-cbb5-4bb9-b895-4a73f7337caa', 'keppra vial', '500', 'IV', 'BD (Twice Daily)', '', '', TRUE, '68baae90-91be-4b76-9d3b-7e5e423a0523', '2026-02-24T18:59:08.248Z'),
    ('8f9bc1b1-bcc6-4cac-837a-be67c4af6608', 'ca carbonate', '500', 'IV', 'OD (Once Daily)', '', '', TRUE, '68baae90-91be-4b76-9d3b-7e5e423a0523', '2026-02-24T18:59:08.248Z'),
    ('71cabdcc-c386-417b-a22d-d5c5cabbfcfd', 'tegretol tab ', '200', 'IV', 'BD (Twice Daily)', '', '', TRUE, '68baae90-91be-4b76-9d3b-7e5e423a0523', '2026-02-24T18:59:08.248Z'),
    ('63b5545b-fb41-423e-9278-228347b0ca98', 'GS + NS', '80', 'IV', 'OD (Once Daily)', '80', '', TRUE, '68baae90-91be-4b76-9d3b-7e5e423a0523', '2026-02-24T18:59:08.248Z'),
    ('25a9dfb2-5b94-41d7-9789-03e2ebba28fa', 'Paracetamol', '1 g', 'IV', 'TDS (Thrice Daily)', '', '', TRUE, '68baae90-91be-4b76-9d3b-7e5e423a0523', '2026-02-24T18:59:08.248Z'),
    ('8eaef7b6-d28f-4c28-8243-1b203403a86d', 'Pantoprazole', '40 mg', 'IV', 'OD (Once Daily)', '', '', TRUE, '68baae90-91be-4b76-9d3b-7e5e423a0523', '2026-02-24T18:59:08.248Z'),
    ('fb76b828-2157-4deb-ad5c-998a929bdd4a', 'Albumin 20%', '20%', 'IV', 'OD (Once Daily)', '', '', TRUE, '68baae90-91be-4b76-9d3b-7e5e423a0523', '2026-02-24T18:59:08.248Z'),
    ('bde673ee-cf6a-48be-80e0-6d42fd3b2010', 'L - Carintine ', '3cc', 'IV', 'BD (Twice Daily)', '', '', TRUE, '68baae90-91be-4b76-9d3b-7e5e423a0523', '2026-02-24T18:59:08.248Z'),
    ('f6823bd8-55b4-461e-ac0c-a6310c7d96e0', 'Caspofungin', '50', 'IV', 'OD (Once Daily)', '', '', TRUE, '68baae90-91be-4b76-9d3b-7e5e423a0523', '2026-02-24T18:59:08.248Z'),
    ('30130a49-2715-4eff-af11-fdb452d9ade0', 'Vancomycin', '1 g', 'IV', 'OD (Once Daily)', '', '', TRUE, '68baae90-91be-4b76-9d3b-7e5e423a0523', '2026-02-24T18:59:08.248Z'),
    ('496ac8a8-a1d9-4723-b837-fe68c3c6fdf9', 'Ciprofloxacine', '200', 'IV', 'BD (Twice Daily)', '', '', TRUE, '68baae90-91be-4b76-9d3b-7e5e423a0523', '2026-02-24T18:59:08.248Z'),
    ('f6580996-85a5-4903-a0c2-8d58d08089cc', 'Ipratropium Bromide ', 'neb', 'NEB', 'BD (Twice Daily)', '', '', TRUE, '68baae90-91be-4b76-9d3b-7e5e423a0523', '2026-02-24T18:59:08.248Z'),
    ('8f44f3ad-eaa9-4312-adf8-a98ad4d631e3', 'NACl 3%', 'Neb', 'NEB', 'OD (Once Daily)', '', '', TRUE, '68baae90-91be-4b76-9d3b-7e5e423a0523', '2026-02-24T18:59:08.248Z'),
    ('d933a885-f9f3-4a0c-b85d-ff4de2f32e31', 'Eye drop', 'lub', 'NEB', '6x/Day (Q4H)', '', 'قطرات عين ترطيب', TRUE, '68baae90-91be-4b76-9d3b-7e5e423a0523', '2026-02-24T18:59:08.248Z'),
    ('e815b46a-a6d9-4e54-88c7-8db86d6bb3e6', 'Solvodin', 'amp', 'IV', 'BD (Twice Daily)', '', '', TRUE, '68baae90-91be-4b76-9d3b-7e5e423a0523', '2026-02-24T18:59:12.333Z'),
    ('f3f10783-ba2b-46df-9cee-82600cb4caf0', 'fusidine ', 'oint', 'IV', '6x/Day (Q4H)', '', 'تدهن اليدين باستمرار كلما جفت', TRUE, '68baae90-91be-4b76-9d3b-7e5e423a0523', '2026-02-24T18:59:40.141Z'),
    ('609d42e4-28fe-41e9-8b8a-6661bee1544e', 'Assist ', 'Neb', 'NEB', 'BD (Twice Daily)', '', '', TRUE, '68baae90-91be-4b76-9d3b-7e5e423a0523', '2026-02-24T19:00:12.140Z'),
    ('84c649a6-17b7-4bd7-90f8-7c4b6d43e85f', 'Hydrocortisone', '100 mg', 'IV', 'OD (Once Daily)', '', '', TRUE, '68baae90-91be-4b76-9d3b-7e5e423a0523', '2026-02-24T19:00:27.812Z'),
    ('0b2e0767-0143-4f05-a168-91141ec4bb18', 'Meropenem', '1 g', 'IV', 'BD (Twice Daily)', '', '', TRUE, '68baae90-91be-4b76-9d3b-7e5e423a0523', '2026-02-24T19:00:40.139Z'),
    ('6da92a5e-4c2a-421a-9179-2878a7a0959d', 'lasix ', '10mg/hr', 'IV', 'OD (Once Daily)', '', '', TRUE, '68baae90-91be-4b76-9d3b-7e5e423a0523', '2026-02-24T19:01:15.027Z');

-- MedicationAdministration (14 rows)
INSERT INTO "MedicationAdministration" ("id", "patientId", "medicationId", "status", "dose", "timestamp", "userId")
VALUES
    ('795395a7-0097-4f09-9c47-7650d4b1e9b7', '4f8820ab-0ca8-4844-9f44-51a795c334ae', '0bf770fe-df52-409c-9d39-24c914cfee63', 'Given', '1g', '2026-02-17T11:00:51.913Z', 'mock-nurse-id'),
    ('d0ee82dc-fb77-4907-a8b5-4edbcccd6bb2', '4f8820ab-0ca8-4844-9f44-51a795c334ae', '0bf770fe-df52-409c-9d39-24c914cfee63', 'Given', '1g', '2026-02-17T17:00:51.913Z', 'mock-nurse-id'),
    ('61875330-2e4a-4ba3-b98f-c833dc5260d3', '4f8820ab-0ca8-4844-9f44-51a795c334ae', '0bf770fe-df52-409c-9d39-24c914cfee63', 'Given', '1g', '2026-02-17T23:00:51.913Z', 'mock-nurse-id'),
    ('3ebed734-e91e-4cd3-a0f8-d606e4d132a7', '4f8820ab-0ca8-4844-9f44-51a795c334ae', '0bf770fe-df52-409c-9d39-24c914cfee63', 'Given', '1g', '2026-02-18T05:00:51.913Z', 'mock-nurse-id'),
    ('7c2af7ef-e464-4258-a69f-6648deb8c633', '4f8820ab-0ca8-4844-9f44-51a795c334ae', '0bf770fe-df52-409c-9d39-24c914cfee63', 'Given', '1g', '2026-02-18T11:00:51.913Z', 'mock-nurse-id'),
    ('e5b755d3-723d-453a-ba6e-1ef35263709f', '4f8820ab-0ca8-4844-9f44-51a795c334ae', '0bf770fe-df52-409c-9d39-24c914cfee63', 'Given', '1g', '2026-02-18T17:00:51.913Z', 'mock-nurse-id'),
    ('eec558c5-8709-4101-82d2-29c3bc933aa7', '4f8820ab-0ca8-4844-9f44-51a795c334ae', '0bf770fe-df52-409c-9d39-24c914cfee63', 'Given', '1g', '2026-02-18T23:00:51.913Z', 'mock-nurse-id'),
    ('b9c57a35-561d-44dc-ab25-c0dff97504fc', '4f8820ab-0ca8-4844-9f44-51a795c334ae', '0bf770fe-df52-409c-9d39-24c914cfee63', 'Given', '1g', '2026-02-19T05:00:51.913Z', 'mock-nurse-id'),
    ('1324b049-4914-43b7-9041-b2f13eebb43d', '4f8820ab-0ca8-4844-9f44-51a795c334ae', '8516b6b1-7188-4fa2-90fd-bee173714fb3', 'Given', '2g', '2026-02-17T12:00:51.913Z', 'mock-nurse-id'),
    ('87e941c5-7399-4100-9d1a-340c8c96d2e7', '4f8820ab-0ca8-4844-9f44-51a795c334ae', '8516b6b1-7188-4fa2-90fd-bee173714fb3', 'Given', '2g', '2026-02-18T12:00:51.913Z', 'mock-nurse-id'),
    ('28281ef8-de76-442d-8d77-29d7fa1d6955', '4f8820ab-0ca8-4844-9f44-51a795c334ae', '8d46c93c-1c78-46ff-b2ec-315f2bca47eb', 'Given', '40mg', '2026-02-17T13:00:51.913Z', 'mock-nurse-id'),
    ('73e28902-c500-4ab4-af3a-aa56aa5515cb', '4f8820ab-0ca8-4844-9f44-51a795c334ae', '8d46c93c-1c78-46ff-b2ec-315f2bca47eb', 'Given', '40mg', '2026-02-18T01:00:51.913Z', 'mock-nurse-id'),
    ('b0036c56-54f3-47dc-a84a-4f6f033cc2df', '4f8820ab-0ca8-4844-9f44-51a795c334ae', '8d46c93c-1c78-46ff-b2ec-315f2bca47eb', 'Given', '40mg', '2026-02-18T13:00:51.913Z', 'mock-nurse-id'),
    ('54f2b689-129a-4f52-a28f-238de3b75cc5', '4f8820ab-0ca8-4844-9f44-51a795c334ae', '8d46c93c-1c78-46ff-b2ec-315f2bca47eb', 'Given', '40mg', '2026-02-19T01:00:51.913Z', 'mock-nurse-id');

-- ClinicalOrder (7 rows)
INSERT INTO "ClinicalOrder" ("id", "patientId", "authorId", "approverId", "type", "status", "priority", "title", "details", "notes", "createdAt", "updatedAt")
VALUES
    ('7eee75ea-b7b3-4709-8b57-35651ad57d90', 'ac2b8db5-9e74-4fd9-a21f-0daace86fdd9', 'mock-senior-id', 'mock-senior-id', 'NURSING', 'APPROVED', 'ROUTINE', 'Admit Patient in HAMSA System', '[object Object]', NULL, '2026-02-18T19:00:07.893Z', '2026-02-18T19:00:07.893Z'),
    ('98bca48a-c57e-4332-b7ed-e87dc0f14c9f', 'f14786fc-e0a2-44b9-bbd1-b88d7af18ac4', 'mock-nurse-id', 'mock-nurse-id', 'NURSING', 'APPROVED', 'ROUTINE', 'Admit Patient in HAMSA System', '[object Object]', NULL, '2026-02-19T09:26:16.185Z', '2026-02-19T09:26:16.185Z'),
    ('e2c418d7-98ec-47b2-8ee8-ca61fc1a4325', '38b62b34-4f1f-496f-974c-fb8fc34d934b', 'mock-nurse-id', 'mock-nurse-id', 'PROCEDURE', 'APPROVED', 'ROUTINE', 'Tracheostomy', '[object Object]', 'stop plavix and clexan', '2026-02-24T15:29:43.461Z', '2026-02-24T15:29:43.461Z'),
    ('2d8aa5ef-6bc1-44c7-9b14-06f0cd0552a8', '38b62b34-4f1f-496f-974c-fb8fc34d934b', 'mock-senior-id', 'mock-senior-id', 'NURSING', 'COMPLETED', 'ROUTINE', 'Admit Patient in HAMSA System', '[object Object]', NULL, '2026-02-18T18:32:45.699Z', '2026-02-24T15:30:05.803Z'),
    ('7b1f4fc8-1e42-4d16-b5a8-3485f20e6fff', 'b97ca87a-eebf-436f-ab50-9477234dfaad', '9bad4737-5fda-4622-a6bd-5c65e7bfb1ea', '9bad4737-5fda-4622-a6bd-5c65e7bfb1ea', 'NURSING', 'APPROVED', 'ROUTINE', 'Admit Patient in HAMSA System', '[object Object]', NULL, '2026-02-24T16:50:58.944Z', '2026-02-24T16:50:58.944Z'),
    ('6febd2a2-b246-4977-8561-3f6fc8c008ba', '68baae90-91be-4b76-9d3b-7e5e423a0523', 'mock-senior-id', 'mock-senior-id', 'NURSING', 'APPROVED', 'ROUTINE', 'Admit Patient in HAMSA System', '[object Object]', NULL, '2026-02-24T17:43:32.716Z', '2026-02-24T17:43:32.716Z'),
    ('d1a6fa05-5d6c-45f4-969c-4c007495b864', '68baae90-91be-4b76-9d3b-7e5e423a0523', 'mock-senior-id', 'mock-senior-id', 'CONSULT', 'APPROVED', 'ROUTINE', 'Consultation to dr hasan aldabagh about ptt', '[object Object]', '', '2026-02-24T19:02:47.630Z', '2026-02-24T19:02:47.630Z');

-- Investigation (35 rows)
INSERT INTO "Investigation" ("id", "patientId", "orderId", "authorId", "type", "category", "title", "status", "result", "impression", "conductedAt", "createdAt", "externalId")
VALUES
    ('ef58d0a5-5888-4ba3-9be2-2b353f77086a', '38b62b34-4f1f-496f-974c-fb8fc34d934b', NULL, '9bad4737-5fda-4622-a6bd-5c65e7bfb1ea', 'LAB', 'Biochemistry', 'Procalcitonin, Serum', 'FINAL', '[object Object]', 'Auto-synced from Lab Results', '2026-02-24T00:00:00.000Z', '2026-02-24T16:37:24.780Z', '3120427'),
    ('d3d9dbc9-5dd3-40e1-ba0b-0720b7c1ed03', '38b62b34-4f1f-496f-974c-fb8fc34d934b', NULL, '9bad4737-5fda-4622-a6bd-5c65e7bfb1ea', 'LAB', 'Biochemistry', 'Renal Function', 'FINAL', '[object Object]', 'Auto-synced from Lab Results', '2026-02-23T00:00:00.000Z', '2026-02-24T16:37:25.756Z', '3120232'),
    ('25a47781-f5e8-4100-b5c6-50aea4ba2d51', '38b62b34-4f1f-496f-974c-fb8fc34d934b', NULL, '9bad4737-5fda-4622-a6bd-5c65e7bfb1ea', 'LAB', 'Biochemistry', 'Electrolytes', 'FINAL', '[object Object]', 'Auto-synced from Lab Results', '2026-02-23T00:00:00.000Z', '2026-02-24T16:37:25.771Z', '3120232'),
    ('b6d8d4e8-e983-4a61-a47d-6fd42db931f7', '38b62b34-4f1f-496f-974c-fb8fc34d934b', NULL, '9bad4737-5fda-4622-a6bd-5c65e7bfb1ea', 'LAB', 'Biochemistry', 'Albumin', 'FINAL', '[object Object]', 'Auto-synced from Lab Results', '2026-02-23T00:00:00.000Z', '2026-02-24T16:37:25.775Z', '3120232'),
    ('fc2a59b8-993b-4ac5-8d74-331f276f4a2f', '38b62b34-4f1f-496f-974c-fb8fc34d934b', NULL, '9bad4737-5fda-4622-a6bd-5c65e7bfb1ea', 'LAB', 'Biochemistry', 'Renal Function', 'FINAL', '[object Object]', 'Auto-synced from Lab Results', '2026-02-24T00:00:00.000Z', '2026-02-24T16:37:25.907Z', '3120427'),
    ('7d301d18-dca1-4df8-85fe-e4715b366ca7', '38b62b34-4f1f-496f-974c-fb8fc34d934b', NULL, '9bad4737-5fda-4622-a6bd-5c65e7bfb1ea', 'LAB', 'Biochemistry', 'Electrolytes', 'FINAL', '[object Object]', 'Auto-synced from Lab Results', '2026-02-24T00:00:00.000Z', '2026-02-24T16:37:25.912Z', '3120427'),
    ('8f122b09-077a-46ff-a0f4-93338513acbe', 'ac2b8db5-9e74-4fd9-a21f-0daace86fdd9', NULL, 'mock-senior-id', 'LAB', 'Hematology', 'COMPLETE BLOOD COUNT', 'FINAL', '[object Object]', 'Auto-synced from Lab Results', '2026-02-18T00:00:00.000Z', '2026-02-18T19:03:57.191Z', '3119480'),
    ('ad7a1b02-b12c-46ea-be06-55dbf49a6586', 'ac2b8db5-9e74-4fd9-a21f-0daace86fdd9', NULL, 'mock-senior-id', 'LAB', 'Hematology', 'COMPLETE BLOOD COUNT', 'FINAL', '[object Object]', 'Auto-synced from Lab Results', '2026-02-16T00:00:00.000Z', '2026-02-18T19:04:07.850Z', '3118913'),
    ('a5da3c01-64c5-4db1-b36c-546cbfa48519', '38b62b34-4f1f-496f-974c-fb8fc34d934b', NULL, '9bad4737-5fda-4622-a6bd-5c65e7bfb1ea', 'LAB', 'Biochemistry', 'Albumin', 'FINAL', '[object Object]', 'Auto-synced from Lab Results', '2026-02-24T00:00:00.000Z', '2026-02-24T16:37:25.918Z', '3120427'),
    ('0c407861-9268-4121-bbfb-ddd0d6914442', 'f14786fc-e0a2-44b9-bbd1-b88d7af18ac4', NULL, '9bad4737-5fda-4622-a6bd-5c65e7bfb1ea', 'LAB', 'Biochemistry', 'Procalcitonin, Serum', 'FINAL', '[object Object]', 'Auto-synced from Lab Results', '2026-02-23T00:00:00.000Z', '2026-02-24T16:47:24.987Z', '3120236'),
    ('4aa379c5-cecc-4442-b760-6840069dae27', 'f14786fc-e0a2-44b9-bbd1-b88d7af18ac4', NULL, '9bad4737-5fda-4622-a6bd-5c65e7bfb1ea', 'LAB', 'Biochemistry', 'Renal Function Test', 'FINAL', '[object Object]', 'Auto-synced from Lab Results', '2026-02-23T00:00:00.000Z', '2026-02-24T16:47:25.261Z', '3120236'),
    ('7b442130-78b9-4175-ae9c-2d66ef5d7476', 'f14786fc-e0a2-44b9-bbd1-b88d7af18ac4', NULL, '9bad4737-5fda-4622-a6bd-5c65e7bfb1ea', 'LAB', 'Hematology', 'CBC', 'FINAL', '[object Object]', 'Auto-synced from Lab Results', '2026-02-24T00:00:00.000Z', '2026-02-24T16:47:25.573Z', '3120420'),
    ('2621cc20-dfd3-4fb0-a790-7a47c32888cb', '4f8820ab-0ca8-4844-9f44-51a795c334ae', NULL, '9bad4737-5fda-4622-a6bd-5c65e7bfb1ea', 'LAB', 'Hematology', 'CBC', 'FINAL', '[object Object]', 'Auto-synced from Lab Results', '2026-02-24T00:00:00.000Z', '2026-02-24T16:49:06.860Z', '3120431'),
    ('1afd4f35-eb13-4362-b6bc-d85404806193', '4f8820ab-0ca8-4844-9f44-51a795c334ae', NULL, '9bad4737-5fda-4622-a6bd-5c65e7bfb1ea', 'LAB', 'Biochemistry', 'Renal Function', 'FINAL', '[object Object]', 'Auto-synced from Lab Results', '2026-02-24T00:00:00.000Z', '2026-02-24T16:49:07.069Z', '3120431'),
    ('61034f82-fdd8-418d-b5ac-8bd81525d5e2', '4f8820ab-0ca8-4844-9f44-51a795c334ae', NULL, '9bad4737-5fda-4622-a6bd-5c65e7bfb1ea', 'LAB', 'Biochemistry', 'Electrolytes', 'FINAL', '[object Object]', 'Auto-synced from Lab Results', '2026-02-24T00:00:00.000Z', '2026-02-24T16:49:07.083Z', '3120431'),
    ('7511c908-27ec-4e26-8f02-9dd112ad1236', '68baae90-91be-4b76-9d3b-7e5e423a0523', NULL, 'mock-nurse-id', 'LAB', 'Coagulation', 'Prothrombin Time', 'FINAL', '[object Object]', 'Auto-synced from Lab Results', '2026-02-23T00:00:00.000Z', '2026-02-24T19:01:52.266Z', '3120381'),
    ('9b4020ef-1e3b-47f9-b8f1-21cbb1ab4938', '68baae90-91be-4b76-9d3b-7e5e423a0523', NULL, 'mock-nurse-id', 'LAB', 'Coagulation', 'Partial Thromboplastin Time (PTT)', 'FINAL', '[object Object]', 'Auto-synced from Lab Results', '2026-02-23T00:00:00.000Z', '2026-02-24T19:01:52.285Z', '3120381'),
    ('3db34b4a-c4a4-4c84-a701-959759fe7a0d', '68baae90-91be-4b76-9d3b-7e5e423a0523', NULL, 'mock-nurse-id', 'LAB', 'Biochemistry', 'Renal Function', 'FINAL', '[object Object]', 'Auto-synced from Lab Results', '2026-02-24T00:00:00.000Z', '2026-02-24T19:01:52.694Z', '3120428'),
    ('1f790639-289a-4119-8842-253e3ded7e41', '68baae90-91be-4b76-9d3b-7e5e423a0523', NULL, 'mock-nurse-id', 'LAB', 'Biochemistry', 'Electrolytes', 'FINAL', '[object Object]', 'Auto-synced from Lab Results', '2026-02-24T00:00:00.000Z', '2026-02-24T19:01:52.718Z', '3120428'),
    ('b51977f6-2d5c-4554-a2b6-12a5f12da396', '68baae90-91be-4b76-9d3b-7e5e423a0523', NULL, 'mock-nurse-id', 'LAB', 'Hematology', 'Coagulation', 'FINAL', '[object Object]', 'Auto-synced from Lab Results', '2026-02-24T00:00:00.000Z', '2026-02-24T19:02:00.093Z', '3120428'),
    ('0f26c2a8-da7e-4858-8421-d560c2891f65', '38b62b34-4f1f-496f-974c-fb8fc34d934b', NULL, '9bad4737-5fda-4622-a6bd-5c65e7bfb1ea', 'LAB', 'Hematology', 'CBC', 'FINAL', '[object Object]', 'Imported from Lab Results', '2026-01-02T09:44:00.000Z', '2026-02-24T16:35:57.035Z', NULL),
    ('a2957913-1016-4e6f-bb81-03b887ab62e1', '38b62b34-4f1f-496f-974c-fb8fc34d934b', NULL, '9bad4737-5fda-4622-a6bd-5c65e7bfb1ea', 'LAB', 'Serology', 'C-Reactive Protein, Serum', 'FINAL', '[object Object]', 'Auto-synced from Lab Results', '2026-02-23T00:00:00.000Z', '2026-02-24T16:37:24.797Z', '3120268'),
    ('7ad4a684-3efe-4e26-86ec-1097b51048f6', '38b62b34-4f1f-496f-974c-fb8fc34d934b', NULL, '9bad4737-5fda-4622-a6bd-5c65e7bfb1ea', 'LAB', 'Biochemistry', 'Pleural Fluid Analysis', 'FINAL', '[object Object]', 'Auto-synced from Lab Results', '2026-02-24T00:00:00.000Z', '2026-02-24T16:37:24.828Z', '3120398'),
    ('688ea102-6e45-4910-8fe3-e7d2aa6eef5b', 'ac2b8db5-9e74-4fd9-a21f-0daace86fdd9', NULL, 'mock-nurse-id', 'LAB', 'Hematology', 'COMPLETE BLOOD COUNT', 'FINAL', '[object Object]', 'Auto-synced from Lab Results', '2026-02-22T00:00:00.000Z', '2026-02-23T22:30:38.744Z', '3120091'),
    ('1905cb1e-ce44-45c5-8f7d-3ac29da55379', '38b62b34-4f1f-496f-974c-fb8fc34d934b', NULL, '9bad4737-5fda-4622-a6bd-5c65e7bfb1ea', 'LAB', 'Hematology', 'Coagulation', 'FINAL', '[object Object]', 'Auto-synced from Lab Results', '2026-02-23T00:00:00.000Z', '2026-02-24T16:37:24.833Z', '3120232'),
    ('23ea43e4-145b-4347-b761-ba182e94a571', '38b62b34-4f1f-496f-974c-fb8fc34d934b', NULL, '9bad4737-5fda-4622-a6bd-5c65e7bfb1ea', 'LAB', 'Hematology', 'Coagulation', 'FINAL', '[object Object]', 'Auto-synced from Lab Results', '2026-02-23T00:00:00.000Z', '2026-02-24T16:37:24.886Z', '3120378'),
    ('7b2ca586-225f-4b4a-b3f5-ebc1be07933c', '38b62b34-4f1f-496f-974c-fb8fc34d934b', NULL, '9bad4737-5fda-4622-a6bd-5c65e7bfb1ea', 'LAB', 'Hematology', 'Coagulation', 'FINAL', '[object Object]', 'Auto-synced from Lab Results', '2026-02-24T00:00:00.000Z', '2026-02-24T16:37:24.890Z', '3120427'),
    ('cb8b31df-66c3-4bb5-b6ae-99548c0c7f0c', '38b62b34-4f1f-496f-974c-fb8fc34d934b', NULL, '9bad4737-5fda-4622-a6bd-5c65e7bfb1ea', 'LAB', 'Hematology', 'Differential count', 'FINAL', '[object Object]', 'Auto-synced from Lab Results', '2026-02-24T00:00:00.000Z', '2026-02-24T16:37:25.194Z', '3120398'),
    ('fa05e9c4-cecf-4d3c-86ec-f8b695a32ccd', '38b62b34-4f1f-496f-974c-fb8fc34d934b', NULL, '9bad4737-5fda-4622-a6bd-5c65e7bfb1ea', 'LAB', 'Hematology', 'CBC', 'FINAL', '[object Object]', 'Auto-synced from Lab Results', '2026-02-24T00:00:00.000Z', '2026-02-24T16:37:25.293Z', '3120427'),
    ('b3d8030e-9b03-43d5-8025-8db54863ac7f', '38b62b34-4f1f-496f-974c-fb8fc34d934b', NULL, '9bad4737-5fda-4622-a6bd-5c65e7bfb1ea', 'LAB', 'Hematology', 'CBC', 'FINAL', '[object Object]', 'Auto-synced from Lab Results', '2026-02-23T00:00:00.000Z', '2026-02-24T16:37:25.351Z', '3120378'),
    ('da42e3e9-a6ab-4e59-91d6-47782a30459a', '38b62b34-4f1f-496f-974c-fb8fc34d934b', NULL, '9bad4737-5fda-4622-a6bd-5c65e7bfb1ea', 'LAB', 'Hematology', 'CBC', 'FINAL', '[object Object]', 'Auto-synced from Lab Results', '2026-02-23T00:00:00.000Z', '2026-02-24T16:37:25.755Z', '3120232'),
    ('eb112e65-f10f-4ec5-8658-b6c4ce829582', 'f14786fc-e0a2-44b9-bbd1-b88d7af18ac4', NULL, '9bad4737-5fda-4622-a6bd-5c65e7bfb1ea', 'LAB', 'Hematology', 'CBC', 'FINAL', '[object Object]', 'Auto-synced from Lab Results', '2026-02-23T00:00:00.000Z', '2026-02-24T16:47:25.572Z', '3120236'),
    ('a6028d29-81ce-49b8-b17f-ab7f96221e6f', 'f14786fc-e0a2-44b9-bbd1-b88d7af18ac4', NULL, '9bad4737-5fda-4622-a6bd-5c65e7bfb1ea', 'LAB', 'Biochemistry', 'Renal Function', 'FINAL', '[object Object]', 'Auto-synced from Lab Results', '2026-02-24T00:00:00.000Z', '2026-02-24T16:47:26.361Z', '3120420'),
    ('aad2f094-d0cf-4941-94f6-a6735698ef42', 'f14786fc-e0a2-44b9-bbd1-b88d7af18ac4', NULL, '9bad4737-5fda-4622-a6bd-5c65e7bfb1ea', 'LAB', 'Biochemistry', 'Electrolytes', 'FINAL', '[object Object]', 'Auto-synced from Lab Results', '2026-02-24T00:00:00.000Z', '2026-02-24T16:47:26.368Z', '3120420'),
    ('b9b9f25b-0731-4315-a22a-3765494e664c', 'f14786fc-e0a2-44b9-bbd1-b88d7af18ac4', NULL, '9bad4737-5fda-4622-a6bd-5c65e7bfb1ea', 'LAB', 'Biochemistry', 'Albumin', 'FINAL', '[object Object]', 'Auto-synced from Lab Results', '2026-02-24T00:00:00.000Z', '2026-02-24T16:47:26.375Z', '3120420');

-- SpecialistNote (2 rows)
INSERT INTO "SpecialistNote" ("id", "patientId", "authorId", "date", "shiftType", "apacheScore", "histHT", "histDM", "histAsthma", "histCOPD", "histIHD", "histStroke", "histOther", "neuroGCS", "neuroRASS", "respChest", "respRoomAir", "respO2Therapy", "respVentMode", "respVentModeText", "respFio2", "respPS", "intCVLine", "intArtLine", "intETT", "intTrach", "intDoubleLumen", "hydNormovolemia", "hydHypervolemia", "hydHypovolemia", "hydUOP", "hydIVC", "hydCVP", "hemoStable", "hemoUnstable", "hemoVasopressor", "feedOral", "feedNG", "feedTPN", "feedRate", "ivFluidsRate", "sedPropofol", "sedKetamine", "sedMidazolam", "sedRemif", "sedMR", "sedOther", "clinicalNotes", "planVentilatory", "planPhysio", "planConsult", "planInvestigation", "planOther", "planFuture", "planHomeTeam", "createdAt", "updatedAt")
VALUES
    ('44625af3-6f24-495e-b844-bb7eae0962b8', '68baae90-91be-4b76-9d3b-7e5e423a0523', 'mock-senior-id', '2026-02-24T00:00:00.000Z', 'Day', '', TRUE, FALSE, FALSE, FALSE, FALSE, FALSE, 'CKD', '', '', '', FALSE, FALSE, FALSE, '', '', '', FALSE, FALSE, FALSE, FALSE, FALSE, FALSE, FALSE, FALSE, '', '', '', FALSE, FALSE, FALSE, FALSE, FALSE, FALSE, '', '', FALSE, FALSE, FALSE, FALSE, FALSE, '', '', '', '', '', '', '', '', '', '2026-02-24T17:43:52.106Z', '2026-02-24T17:43:52.106Z'),
    ('18aa82ca-e4c2-40e7-b775-550c619f943a', '68baae90-91be-4b76-9d3b-7e5e423a0523', 'mock-senior-id', '2026-02-24T00:00:00.000Z', 'Day', '', TRUE, FALSE, FALSE, FALSE, FALSE, FALSE, 'CKD', 'E4V1M4', '', '', FALSE, FALSE, TRUE, 'PS', '40', '10', TRUE, TRUE, FALSE, TRUE, FALSE, TRUE, FALSE, FALSE, '100', '2.2', '', TRUE, FALSE, FALSE, FALSE, FALSE, FALSE, 'feeding stopped', '100', FALSE, FALSE, FALSE, FALSE, FALSE, '', '', '', 'nurse called fromt the ward by request of the relative', 'hasan aldabagh for ptt 67', 'baseline + crp', 'consultation to hasan aldabagh ptt 67', 'monitor IVC regulary', '', '2026-02-24T17:45:47.664Z', '2026-02-24T17:45:47.664Z');

-- IntakeOutput (24 rows)
INSERT INTO "IntakeOutput" ("id", "patientId", "userId", "shiftId", "type", "category", "amount", "notes", "timestamp")
VALUES
    ('20924178-ed99-4175-afb6-a98fcdd4b4f4', '4f8820ab-0ca8-4844-9f44-51a795c334ae', 'mock-nurse-id', NULL, 'INPUT', 'IV Fluid', 500, NULL, '2026-02-17T11:00:51.913Z'),
    ('91aee84d-bf64-42ea-903d-075c5787eb8d', '4f8820ab-0ca8-4844-9f44-51a795c334ae', 'mock-nurse-id', NULL, 'OUTPUT', 'Urine', 400, NULL, '2026-02-17T11:00:51.913Z'),
    ('74b2f12f-c900-47bb-a25d-c292a186bb9e', '4f8820ab-0ca8-4844-9f44-51a795c334ae', 'mock-nurse-id', NULL, 'INPUT', 'IV Fluid', 500, NULL, '2026-02-17T15:00:51.913Z'),
    ('f6b607aa-3ab0-4d99-92cf-a04332da34b0', '4f8820ab-0ca8-4844-9f44-51a795c334ae', 'mock-nurse-id', NULL, 'OUTPUT', 'Urine', 356, NULL, '2026-02-17T15:00:51.913Z'),
    ('e4ecd213-8161-486a-8eaf-669e1d9de308', '4f8820ab-0ca8-4844-9f44-51a795c334ae', 'mock-nurse-id', NULL, 'INPUT', 'IV Fluid', 500, NULL, '2026-02-17T19:00:51.913Z'),
    ('84bd9a96-de5e-4526-835a-2debc6ce56c9', '4f8820ab-0ca8-4844-9f44-51a795c334ae', 'mock-nurse-id', NULL, 'OUTPUT', 'Urine', 423, NULL, '2026-02-17T19:00:51.913Z'),
    ('f1809ee1-db94-42f8-a8cd-d1a4d040945e', '4f8820ab-0ca8-4844-9f44-51a795c334ae', 'mock-nurse-id', NULL, 'INPUT', 'IV Fluid', 500, NULL, '2026-02-17T23:00:51.913Z'),
    ('236d35b1-2354-42a4-be17-83066cf90772', '4f8820ab-0ca8-4844-9f44-51a795c334ae', 'mock-nurse-id', NULL, 'OUTPUT', 'Urine', 315, NULL, '2026-02-17T23:00:51.913Z'),
    ('d28b8b66-f75e-4923-a8ca-d190f1b1e79d', '4f8820ab-0ca8-4844-9f44-51a795c334ae', 'mock-nurse-id', NULL, 'INPUT', 'IV Fluid', 500, NULL, '2026-02-18T03:00:51.913Z'),
    ('703f4784-50b1-4575-90eb-514755a46dbe', '4f8820ab-0ca8-4844-9f44-51a795c334ae', 'mock-nurse-id', NULL, 'OUTPUT', 'Urine', 421, NULL, '2026-02-18T03:00:51.913Z'),
    ('49c2f637-8c63-4652-9de0-845b64f83428', '4f8820ab-0ca8-4844-9f44-51a795c334ae', 'mock-nurse-id', NULL, 'INPUT', 'IV Fluid', 500, NULL, '2026-02-18T07:00:51.913Z'),
    ('fd55f675-29a9-4860-8057-13da5abd8f9e', '4f8820ab-0ca8-4844-9f44-51a795c334ae', 'mock-nurse-id', NULL, 'OUTPUT', 'Urine', 210, NULL, '2026-02-18T07:00:51.913Z'),
    ('57b98a6a-f38c-46be-83e6-797553eafc10', '4f8820ab-0ca8-4844-9f44-51a795c334ae', 'mock-nurse-id', NULL, 'INPUT', 'IV Fluid', 500, NULL, '2026-02-18T11:00:51.913Z'),
    ('4d463028-7a09-4c2d-8c70-530651d0711e', '4f8820ab-0ca8-4844-9f44-51a795c334ae', 'mock-nurse-id', NULL, 'OUTPUT', 'Urine', 223, NULL, '2026-02-18T11:00:51.913Z'),
    ('75e4145d-bd16-4e10-a746-f4e45f03f10c', '4f8820ab-0ca8-4844-9f44-51a795c334ae', 'mock-nurse-id', NULL, 'INPUT', 'IV Fluid', 500, NULL, '2026-02-18T15:00:51.913Z'),
    ('9316cbe4-5c1a-4bcd-8bf3-d446c0aea593', '4f8820ab-0ca8-4844-9f44-51a795c334ae', 'mock-nurse-id', NULL, 'OUTPUT', 'Urine', 204, NULL, '2026-02-18T15:00:51.913Z'),
    ('f9fef10a-1394-44d8-94b0-bc1b9781600e', '4f8820ab-0ca8-4844-9f44-51a795c334ae', 'mock-nurse-id', NULL, 'INPUT', 'IV Fluid', 500, NULL, '2026-02-18T19:00:51.913Z'),
    ('2f769459-184b-4ba8-a23a-37f4748a6c88', '4f8820ab-0ca8-4844-9f44-51a795c334ae', 'mock-nurse-id', NULL, 'OUTPUT', 'Urine', 223, NULL, '2026-02-18T19:00:51.913Z'),
    ('5cf373d3-53eb-4e51-85f3-e7408eb2f578', '4f8820ab-0ca8-4844-9f44-51a795c334ae', 'mock-nurse-id', NULL, 'INPUT', 'IV Fluid', 500, NULL, '2026-02-18T23:00:51.913Z'),
    ('8465de38-f8ac-450a-9869-0672003bf59c', '4f8820ab-0ca8-4844-9f44-51a795c334ae', 'mock-nurse-id', NULL, 'OUTPUT', 'Urine', 210, NULL, '2026-02-18T23:00:51.913Z'),
    ('ed81ec93-9e34-472e-8c09-9509c8a15d91', '4f8820ab-0ca8-4844-9f44-51a795c334ae', 'mock-nurse-id', NULL, 'INPUT', 'IV Fluid', 500, NULL, '2026-02-19T03:00:51.913Z'),
    ('713d10c9-de47-486f-bb57-badbf9508b6f', '4f8820ab-0ca8-4844-9f44-51a795c334ae', 'mock-nurse-id', NULL, 'OUTPUT', 'Urine', 192, NULL, '2026-02-19T03:00:51.913Z'),
    ('40e754f8-b1ba-46d6-9405-ba14da0e934b', '4f8820ab-0ca8-4844-9f44-51a795c334ae', 'mock-nurse-id', NULL, 'INPUT', 'IV Fluid', 500, NULL, '2026-02-19T07:00:51.913Z'),
    ('9239d355-393f-477d-aa31-2d5969046548', '4f8820ab-0ca8-4844-9f44-51a795c334ae', 'mock-nurse-id', NULL, 'OUTPUT', 'Urine', 394, NULL, '2026-02-19T07:00:51.913Z');

-- NurseCheckIn (1 rows)
INSERT INTO "NurseCheckIn" ("id", "patientId", "userId", "shiftId", "airwaySafe", "breathingOk", "circulationOk", "notes", "timestamp")
VALUES
    ('acaf2926-6eec-4b65-90bc-4e79bc5a5f63', 'f14786fc-e0a2-44b9-bbd1-b88d7af18ac4', 'mock-nurse-id', '393dc091-8f77-48c4-8592-66d6dfe727f6', TRUE, TRUE, TRUE, '', '2026-02-19T09:32:11.957Z');

-- PatientAssignment (9 rows)
INSERT INTO "PatientAssignment" ("id", "patientId", "userId", "shiftId", "isActive", "createdAt", "endedAt")
VALUES
    ('e797b507-204f-4b89-9554-471a907fd11b', '38b62b34-4f1f-496f-974c-fb8fc34d934b', 'mock-nurse-id', NULL, FALSE, '2026-02-18T18:33:54.305Z', '2026-02-18T18:36:17.758Z'),
    ('971468e7-eb19-42f7-bbb4-8b53372e08b3', '38b62b34-4f1f-496f-974c-fb8fc34d934b', 'mock-nurse-id', NULL, FALSE, '2026-02-18T18:36:18.675Z', '2026-02-18T18:36:19.786Z'),
    ('95138858-8c43-4e55-acd9-3315c278a3b4', '38b62b34-4f1f-496f-974c-fb8fc34d934b', '028720b6-9103-4f9c-b6d7-c5dbffaae67b', NULL, TRUE, '2026-02-19T08:45:06.026Z', NULL),
    ('5d1d0cc6-1380-46f6-a713-5001dd231d6c', 'ac2b8db5-9e74-4fd9-a21f-0daace86fdd9', '5c9cb127-d961-4f7a-a714-ac58833eaef3', NULL, TRUE, '2026-02-19T08:48:27.114Z', NULL),
    ('8844ca3c-d0f7-40b6-ac61-889076af466c', '38b62b34-4f1f-496f-974c-fb8fc34d934b', 'mock-nurse-id', NULL, FALSE, '2026-02-18T18:36:23.042Z', '2026-02-19T09:21:44.908Z'),
    ('9caadd55-c51d-4441-ac14-c03385690e67', 'f14786fc-e0a2-44b9-bbd1-b88d7af18ac4', '55e877af-275d-4635-bf21-d2b5587de171', NULL, TRUE, '2026-02-19T09:27:31.842Z', NULL),
    ('800a4e2d-156f-483e-acf6-2cb46db5b1ab', '4f8820ab-0ca8-4844-9f44-51a795c334ae', 'mock-nurse-id', NULL, FALSE, '2026-02-19T11:51:35.893Z', '2026-02-19T11:51:38.626Z'),
    ('ff9d6138-7dd7-4f34-bba5-32858e24ef05', '4f8820ab-0ca8-4844-9f44-51a795c334ae', 'mock-nurse-id', NULL, TRUE, '2026-02-24T12:30:11.319Z', NULL),
    ('e0b5c543-3625-400d-98d1-2fd4bb1d1703', '38b62b34-4f1f-496f-974c-fb8fc34d934b', '9bad4737-5fda-4622-a6bd-5c65e7bfb1ea', NULL, TRUE, '2026-02-24T16:31:35.098Z', NULL);

SET session_replication_role = DEFAULT; -- re-enable FK checks